[Header],,,,
FileFormatVersion,2,,,
RunName,CUT5baseHG,,,
RunDescription,CUT&Tag,,,
InstrumentPlatform,NovaSeqXSeries,,,
IndexOrientation,Forward,,,
,,,,
[Reads],,,,
Read1Cycles,134,,,
Read2Cycles,134,,,
Index1Cycles,10,,,
,,,,
,,,,
[BCLConvert_Settings],,,,
SoftwareVersion,4.1.7,,,
BarcodeMismatchesIndex1,0,,,
CreateFastqForIndexReads,1,,,
TrimUMI,0,,,
FastqCompressionFormat,gzip,,,
,,,,
[BCLConvert_Data],,,,
Sample_ID,Index,Index2,OverrideCycles,Sample_Project
RL8472_2026_07_08_mCtx_easysci_CUTnTagno5base_H3K4me1_ab176877_nospikincontrol,CGTACTAG,NA,Y134;I8N2;N50U10;Y134,CUT5base_HG
RL8473_2026_07_08_mCtx_easysci_CUTnTagno5base_H3K27ac_ab4729_nospikincontrol,AGGCAGAA,NA,Y134;I8N2;N50U10;Y134,CUT5base_HG
RL8474_2026_07_08_mCtx_easysci_CUTnTagno5base_H3K27me3_AM61017_nospikincontrol,TCCTGAGC,NA,Y134;I8N2;N50U10;Y134,CUT5base_HG
RL8475_2026_07_08_mCtx_easysci_CUTnTagno5base_CBX1Tn5_H3K9me3_nospikincontrol,GGACTCCT,NA,Y134;I8N2;N50U10;Y134,CUT5base_HG
RL8476_2026_07_08_mCtx_easysci_CUTnTag5base_H3K4me1_ab176877_spikincontrol_025ul_lamdaDNA3_025ul_PUC19_3,TAGGCATG,NA,Y134;I8N2;N50U10;Y134,CUT5base_HG
RL8477_2026_07_08_mCtx_easysci_CUTnTag5base_H3K27ac_ab4729_nospikincontrol_025ul_lamdaDNA4_025ul_PUC19_6,CTCTCTAC,NA,Y134;I8N2;N50U10;Y134,CUT5base_HG
RL8478_2026_07_08_mCtx_easysci_CUTnTag5base_H3K27me3_AM61017_nospikincontrol_025ul_lamdaDNA5_025ul_PUC19_9,CAGAGAGG,NA,Y134;I8N2;N50U10;Y134,CUT5base_HG
RL8479_2026_07_08_mCtx_easysci_CUTnTag5base_CBX1Tn5_H3K9me3_nospikincontrol_025ul_lamdaDNA9_025ul_PUC19_10,GCTACGCT,NA,Y134;I8N2;N50U10;Y134,CUT5base_HG
